texto_es,texto_en,polaridad,valor_polaridad,ubicacion_usuario,terminos
quienes nominan al vicealcalde son los se√±ores concejales que es un cuerpo colegiado y de respeto que culpa tiene el se√±or alcalde...? saludos.,who nominate the vice mayor are the councilors who is a collegial and respectful body that is blamed by the mayor greetings,positivo,0.5,,
el lidera esta reuni√≥n con el fin de escuchar los requerimientos y buscar la manera de solucionar la preocupante situaci√≥n que ya lleva varios a√±os afectando a los moradores.,He leads this meeting in order to listen to the requirements and find a way to solve the worrying situation that has been affecting residents for several years,neutral,0.0,Cuenca, Ecuador,
una profunda tristeza ha causado el fallecimiento de un amigo y gran profesional paz en su tumba y mucha resignaci√≥n a su esposa e hijas.,a deep sadness has caused the death of a friend and great professional peace in his grave and much resignation to his wife and daughters,positivo,0.275,,
dgrinformaüëáüèª reporte climatol√≥gico nocturno üåÉ fecha: 21/08/2019 hora: 19h00,dgrinforma nocturnal weather report date 21082019 hour 19h00,neutral,0.0,Cuenca, Ecuador,
hace 8 d√≠as se denunci√≥ la destrucci√≥n d parada d buses en av.12 d abril frente parque d la madre nada se ha hecho al respecto como calificamos 100/100 se√±ores,8 days ago the destruction of bus stops was reported on April 12 in front of the Mothers Park nothing has been done about it as we rate 100100 seres,neutral,0.0,,
con √©tica y seriedad y m√°s que nada respeto,with ethics and seriousness and most of all respect,positivo,0.5,ECUADOR,
alcalde lo escucho en sobre pedido listado d personal y su asombro ¬ø? le informo q yo lo he pedido ahora y a la anterior administraci√≥n lista total de personal no hay nada raro como indica lo hago para: 1. control de nepotismo 2. ratio de ingresos vs,Mayor I hear it in an envelope request list of personnel and his astonishment I inform him that I have asked for it now and to the previous administration total personnel list there is nothing strange as it indicates I do it for 1 nepotism control 2 income ratio vs,negativo,-0.07222222222222223,Cuenca,
tanta capacitaci√≥n y donde est√°n los resultados,so much training and where are the results,positivo,0.2,,
¬øhasta cuando la ciudad paga por un servicio inexistente? no sobra el dinero. muchos millones en lucro cesante para la ciudad . si no se va a implementar este servicio se debe transformar en ciclovia y rematar los trenes,Even when the city pays for a nonexistent service there is no money left over many millions of lost profits for the city If this service is not going to be implemented it must be transformed into Cyclovia and the trains finished off,positivo,0.25,Cuenca, Ecuador,
¬°atenci√≥n üöß desde el jueves 22 hasta el 24 de agosto se realizar√°n trabajos de fresado y recapeo asf√°ltico en la "bajada de todos santos". recomendamos tomar v√≠as alternas. 100sobre100 100dias100realidades,Attention from Thursday 22 to August 24 milling and asphalt restoring work will be carried out on the descent of all saints we recommend taking alternate vessels 100 over 100 100 days 100 realities,neutral,0.0,,
los conductores del tranv√≠acuenca concluyeron un nuevo m√≥dulo dentro del proceso de formaci√≥n que llevan a cabo con el apoyo del sindicato de choferes profesionales de ba√±os para la obtenci√≥n de la licencia tipo e.,the drivers of the tramway concluded a new module within the training process that they carry out with the support of the professional bathroom drivers union to obtain the type e license,positivo,0.11818181818181818,,
excelente gesti√≥n estimado ingeniero siga as√≠ siempre al frente del ca√±√≥n,excellent management dear engineer always stay ahead of the can,positivo,1.0,Loja,
cuenca | el alcalde destac√≥ el trabajo en territorio durante el informe de los cien primeros d√≠as de su gesti√≥n.,The mayor basin highlighted the work in territory during the report of the first hundred days of his management,positivo,0.25,Ecuador,
trabajamos por su seguridad y la de su familia.,We work for your safety and that of your family,neutral,0.0,,trabajamos_por por_su su_seguridad seguridad_y y_la la_de de_su su_familia
trabajen amigos en las √°reas adyacentes al aeropuerto de cuenca.. prima y urge esa necesidad.,friends work in the areas adjacent to the prima basin airport and that need is urgent,neutral,0.0,CUENCA ECUADOR,
en las oficinas de mantuvimos una reuni√≥n con entidades de control para trabajar en la creaci√≥n de un anteproyecto de ordenanza de administraci√≥n gesti√≥n y control de uso y ocupaci√≥n de suelo en √°reas hist√≥ricas de cuenca,In the offices we held a meeting with control entities to work on the creation of a draft administration ordinance management and control of land use and occupation in historic areas of basin,neutral,0.0,Cuenca Ecuador,
¬°¬°rendici√≥n de cuentas de los primeros üíØ d√≠as farmasol se una a esta gesti√≥n que seguir√° creciendo una gesti√≥n 100sobre100 ü§© cuencaunida,accountability of the first days farmasol joins this management that will continue to grow a management over 100 basin,positivo,0.25,Cuenca - Ecuador,
hoy se cumple 100 d√≠as de una gesti√≥n transparente y √≥ptima del sr. alcalde son 100 realidades 100 obras 100dias100realidades 100sobre100 cuencaunida üëçüëèüëèüëç,Today is 100 days of a transparent and optimal management of Mr Mayor are 100 realities 100 works 100days100realities 100sobre100 Cuenca,neutral,0.0,Cuenca,
aqu√≠ es donde debemos unirnos para salvar a los seres indefensos y a la madre naturaleza se requiere ayuda a la zona afectada,this is where we must unite to save the defenseless beings and mother nature requires help to the affected area,negativo,-0.4,,
‚Äúcien d√≠as cien realidades‚Äù.,one hundred and one hundred realities,neutral,0.0,Canar Ecuador,
felicitaciones hay que seguir por esa ruta estimado antonio un abrazo,congratulations you have to follow this route esteemed antonio a hug,neutral,0.0,Cuenca-Ecuador,felicitaciones_hay hay_que que_seguir seguir_por por_esa esa_ruta ruta_estimado estimado_antonio antonio_un un_abrazo
parte de los 100 d√≠as,part of the 100 days,neutral,0.0,Cuenca Ecuador,
ahora se ha tornado insegura y la minista de gobierno de paseo. se envi√≥ un v√≠deo de un supuesto viaje viendo un partido de atl√©tico de madrid. s√≥lo que este v√≠deo sea mentira o falso sino ya ser√≠a el colmo de sinverg√ºenzas,Now she has become insecure and the government miner of Paseo was sent a video of an alleged trip watching an Atletico Madrid match only if this video is a lie or false but it will be the height of scoundrels,negativo,-0.25,Ecuador,
100dias100realidades de nuestro alcalde,100days100 realities of our mayor,neutral,0.0,,100dias100realidades_de de_nuestro nuestro_alcalde
cuenca: informe de los 100 d√≠as de gesti√≥n del alcalde 100sobre100,basin report of the 100 days of management of the mayor 100 over 100,neutral,0.0,Cuenca, Ecuador,
obras para los m√°s peque√±os del hogar. 100sobre100,works for the smallest of the household 100 out of 100,neutral,0.0,Cuenca, Ecuador,
buenos d√≠as al sr. alcalde...desde yanaturo... fuimos a planificaci√≥n del municipio y nos manifiestan que es el barrio el que debe pedir la planificaci√≥n territorial... considero que es obligaci√≥n de este departamento hacer la planificaci√≥n territorial para evitar,good morning to the mayor of yanaturo we went to town planning and they tell us that it is the neighborhood that should ask for the territorial planning I consider that it is the obligation of this department to do the territorial planning to avoid,positivo,0.7,ECUADOR,
100dias100realidades de un gobierno 100sobre100,100days100 realities of a government over 100,neutral,0.0,,100dias100realidades_de de_un un_gobierno gobierno_100sobre100
la seguridad es uno de los principales ejes en nuestro plan de acci√≥n implementamos la campa√±a vacaciones seguras y colonias vacacionales para los m√°s √±utos son cien d√≠as cien realidades 100sobre100 100dias100realidades,security is one of the main axes in our action plan we implement the campaign safe vacations and holiday colonies for the most senior are one hundred and one hundred realities 100 over 100 100 days 100 realities,positivo,0.31666666666666665,,
¬°buenas noticias üößüë∑üèª‚Äç‚ôÄÔ∏èüë∑üèª‚Äç‚ôÇÔ∏è la pavimentaci√≥n asf√°ltica de la calle la floresta parroquia bellavista tiene un avance del 85 %. esta obra est√° a cargo de la unidad ejecutora de proyectos.,good news the asphalt paving of the street la floresta parish bellavista has an advance of 85 this work is in charge of the project executing unit,positivo,0.7,Cuenca Ecuador,
mejora d√≠a a d√≠a. 100dias100realidades 100sobre100,improvement of the 100dias100realities 100sub100,neutral,0.0,,
100dias100realidades 100sobre100 m√°s obras para cuenca.,100dias100realities 100sub100 ms works for basin,neutral,0.0,Cuenca - Ecuador,
entrevista radial | en algunos minutos estaremos junto a los amigos de conversando acerca de las medidas preventivas ante incendios forestales y de qu√© se trata nuestra campa√±a yocuido los bosques por un ecuadorsinfuego,radio interview in a few minutes we will be together with friends talking about preventive measures against forest fires and what our campaign is about I take care of the forests for an equator,negativo,-0.2,Cuenca, Ecuador,
nuestro compromiso con las parroquias rurales mediante los presupuestos participativos audiencias con los representantes de 200 barrios y acciones preventivas de seguridad en el arenal y calle larga 100sobre100 100dias100realidades,our commitment to rural parishes through participatory budgeting hearings with representatives of 200 neighborhoods and preventive safety actions in the arenal and long street 100sobre100 100dias100realidades,negativo,-0.025,,nuestro_compromiso compromiso_con con_las las_parroquias parroquias_rurales rurales_mediante mediante_los los_presupuestos presupuestos_participativos participativos_audiencias audiencias_con con_los los_representantes representantes_de de_200 200_barrios barrios_y y_acciones acciones_preventivas preventivas_de de_seguridad seguridad_en en_el el_arenal arenal_y y_calle calle_larga larga_100sobre100 100sobre100_100dias100realidades
m√°s trabajo y m√°s compromiso con los cuencanos agua potable educaci√≥n vial para transportistas escolares y fibra √≥ptica para sayausi son cien d√≠as cien realidades 100sobre100 100dias100realidades,more work and more commitment to the basins drinking water road education for school carriers and fiber optic for sayausi are one hundred days one hundred realities 100 over 100 100 days 100 realities,positivo,0.5,,
ayuda autoridades,help authorities,neutral,0.0,Ecuador,ayuda_autoridades
es un precio muy alto,It is a very high price,positivo,0.20800000000000002,Cuenca-Ecuador,es_un un_precio precio_muy muy_alto
¬°no permitamos que nos arrebaten nuestra naturaleza üëâüèª yocuido los bosques por un ecuadorsinfuego üå≥üëèüèª ‚ö† si ves a alguien haci√©ndolo no dudes en llamar al 9-1-1 üìû trabajamosenprevenci√≥n,we do not allow our nature to be taken away from me I take care of the forests for an equator if you see someone doing it do not hesitate to call 911 we work in prevention,neutral,0.0,Cuenca, Ecuador,
gracias por su informacion,thanks for your information,positivo,0.2,,gracias_por por_su su_informacion
presencia de act en diferentes sectores de la ciudad.,presence of act in different sectors of the city,neutral,0.0,,presencia_de de_act act_en en_diferentes diferentes_sectores sectores_de de_la la_ciudad
m√°s que nada es el susto y la impotencia por no cambiar la situaci√≥n. eso sucede a menudo en este sector y c√≥mo le coment√© no hay gc en las cercan√≠as,more than anything is the fright and helplessness for not changing the situation that happens often in this sector and how he commented there is no gc in the nearby,positivo,0.5,Ecuador,
as√≠ es se√±or alcalde el d√≠a de ayer alrededor de las 16h00 en la bol√≠var y padre aguirre una pareja de venezolanos me quitaron mi celular. se puede observar a inmigrantes sentados con ni√±os en la vereda pidiendo caridad. recorr√≠ dos cuadras buscando a un guardia ciudadano y 0.,That is yesterday yesterday yesterday at around 400 pm in La Bolvar and Father Aguirre a couple of Venezuelans took my cell phone you can see immigrants sitting with children on the sidewalk asking for charity to walk two blocks looking for a citizen guard and 0,neutral,0.0,Ecuador,
as√≠ es amigos,thats friends,neutral,0.0,CUENCA ECUADOR,
y si se hace algo por los incendios en la amazonia? enviar bomberos recursos aviones cisterna o algo?,and if something is done by the fires in the Amazon send firefighters resources tankers or something,neutral,0.0,,y_si si_se se_hace hace_algo algo_por por_los los_incendios incendios_en en_la la_amazonia amazonia_enviar enviar_bomberos bomberos_recursos recursos_aviones aviones_cisterna cisterna_o o_algo
se√±or alcalde muy buena iniciativa pero por favor comunique lo que hace estoy seguro q trabaja duro y es necesario que los cuencanos lo escuchemos. la redes sociales estuvieron bien par campa√±a hoy es el alcalde de toda una ciudad.,Mr Mayor very good initiative but please communicate what he does I am sure he works hard and it is necessary that we Cuencans listen to social networks were good for the campaign today is the mayor of an entire city,positivo,0.2645238095238095,Cuenca, Ecuador,
y que tales los primeros 100 d√≠as de como alcalde de cuenca? para cuando el ?,and how about the first 100 days of as mayor of basin for when the,positivo,0.25,Cuenca, Azuay, Ecuador,
ojal√° que de el mismo ejemplo atenci√≥n se√±or alcalde es su oportunidad para demostrar en hechos que no hay compromisos con nadie sino con la ciudad,I hope that from the same example attention Mayor is your opportunity to demonstrate in fact that there are no commitments with anyone but with the city,neutral,0.0,,
excelente noticia juan pablo por fin,excellent news juan pablo finally,positivo,0.5,Cuenca, Ecuador,excelente_noticia noticia_juan juan_pablo pablo_por por_fin
yo vote por esta alternativa. la ciudad es un mercado grande y desordenado de ahi nace la inseguridad. es tiempo de accion. ordenar la casa,I voted for this alternative the city is a large and messy market where insecurity is born it is time for action to order the house,positivo,0.03809523809523809,CUENCA ECUADOR,yo_vote vote_por por_esta esta_alternativa alternativa_la la_ciudad ciudad_es es_un un_mercado mercado_grande grande_y y_desordenado desordenado_de de_ahi ahi_nace nace_la la_inseguridad inseguridad_es es_tiempo tiempo_de de_accion accion_ordenar ordenar_la la_casa
avance de noticias 13h30 telecuenca al d√≠a,news advance 13h30 telecuenca al da,neutral,0.0,,
por poco no quieren entrar al ba√±o con carro y todo,they almost dont want to go to the bathroom with a car and everything,neutral,0.0,Ecuador,
eso es pan de todos los d√≠as amigo al parecer estos tipos se creen due√±os de las aceras,thats bread every day friend apparently these guys think they own sidewalks,positivo,0.325,Ecuador,
sres oopp cuenca... cuando realizan se√±alizacion en cuello de botella interseccion autopista av las am√©ricas av loja av ricardo dur√°n? falta ampliaci√≥n de carriles en interseccion av ricardo dur√°n con av loja y av de las am√©ricas. va a ser un problema gigante en inicio clases,sop oopp basin when they carry out signage at the bottleneck intersection highway av las amricas av loja av ricardo durn lane extension lanes intersection av ricardo durn with av loja and av de las americas will be a giant problem in the beginning classes,neutral,0.0,,
cuenca | en el parque de la madre se cumple acto de informe del alcalde por los primeros 100 d√≠as de administraci√≥n. 99sobre100 cuencaunida,basin in the park of the mother is fulfilled act of report of the mayor for the first 100 days of administration 99 over 100 basin,positivo,0.25,Cuenca, Ecuador,
y competencia de quien es controlar que se instalen negocios en la orilla de una curva en una v√≠a de alta velocidad,and competence of who is controlling that businesses are installed on the edge of a curve in a highspeed going,neutral,0.0,Cuenca,
estimada no es nuestra competencia. se comunica a la,Dear is not our competence communicates to the,neutral,0.0,,estimada_no no_es es_nuestra nuestra_competencia competencia_se se_comunica comunica_a a_la
para subirme en el tranv√≠a e irme a uno de esos eventos.,to get on the tram and go to one of those events,neutral,0.0,Naranjal-Ecuador,
conveniente lavado de manos; all√° entre bur√≥cratas. el caos es el lamentable resultado,convenient handwashing all among bureaucrats chaos is the unfortunate result,negativo,-0.5,Cuenca,
tampoco esperes que los ciudadanos te ayuden solo se dedicar√°n a mirar,do not expect citizens to help you just look at,neutral,0.0,,
estimada la es la entidad encargada del tr√°nsito en el sector.,estimated is the entity in charge of transit in the sector,neutral,0.0,,
felicitaciones,Congratulations,neutral,0.0,,
el  brind√≥ hoy un informe de los primeros 100 d√≠as de su gesti√≥n. la campa√±a informativa desarrollada fue ‚Äúcien d√≠as cien realidades‚Äù. 100sobre100,the toast today a report of the first 100 days of its management the information campaign developed was one hundred and one hundred realities 100 over 100,positivo,0.175,Cuenca, Ecuador,
100sobre100 | en este momento el alcalde de la ciudad de da a conocer a la ciudadan√≠a las acciones ejecutadas durante estos 100 primeros d√≠as de gesti√≥n. cuencaunida,100sobre100 at this time the mayor of the city announces to the citizen the actions carried out during these first 100 days of Cuenca management,positivo,0.25,Cuenca, Ecuador,
asi es mi estimado en una entrevista en la ma√±ana escuche que quito sucede el mismo caso de cuenca pero las concejalas dicen que no existe problema que ocupe un hombre la vicealcaldia que ellas se deben al pueblo y trabajan para ellos.,This is my estimate in an interview in the morning I heard that the same case happens in Cuenca but the councilors say that there is no problem that a man occupies the vice mayor that they owe to the people and work for them,neutral,0.0,Cuenca, Ecuador,
20 minutos esperando en la llamada para realizar un reclamo porque no hay internet. se corta la llamada y te dicen que vuelvas a esperar todo el tiempo que el corte se debe al alto n√∫mero de llamadas que est√°n recibiendo. pesilo servicio,20 minutes waiting on the call to make a claim because there is no internet the call is cut and they tell you to wait again as long as the cut is due to the high number of calls that are receiving service,negativo,-0.004999999999999995,,
100sobre100 üëáaqu√≠ tod ala informaci√≥n transparente de los 100 d√≠as de gesti√≥n del alcalde,100 over 100 here all the transparent information of the 100 days of the mayors management,neutral,0.0,,
dir. acompa√±a al alcalde en la rendici√≥n de cuentas por los 100 d√≠as de gesti√≥n. 100sobre100,dir accompanies the mayor in accountability for the 100 days of management 100 over 100,neutral,0.0,Cuenca, Ecuador,
es el inicio alcalde siga adelante 100sobre100,is the mayor start move on 100 over 100,neutral,0.0,,es_el el_inicio inicio_alcalde alcalde_siga siga_adelante adelante_100sobre100
cuenca: alcalde desde el parque de la madre da informe correspondiente a los 100 primeros d√≠as de su administraci√≥n. 100sobre100,mayor basin from the mothers park gives report corresponding to the first 100 days of its administration 100 over 100,positivo,0.25,Cuenca, Ecuador,
no mientan la gesti√≥n debe ser de un 60 por ciento,do not lie the management should be 60 percent,neutral,0.0,,
informe de los cien d√≠as cien realidades 100sobre100,one hundred and one hundred realities report 100 on 100,neutral,0.0,,
a prop√≥sito d la suspensi√≥n d presentaciones q dispuso l alcalde a la ¬øya podr√°n dar una vueltita nocturna por la g. sangurima y v. machuca? digo si no hacen lo q deben al menos pa q vayan comiendo. d nada,With regard to the suspension of presentations that the mayor ordered they could already give a night flight by the bloody g and v machuca I say if they do not do what they owe at least to eat nothing,negativo,-0.55,Cuenca, Ecuador,
durante su informe destac√≥ los principios rectores de su propuesta con la cual logr√≥ captar la alcald√≠a. al final agradeci√≥ a dios y destac√≥ que: "los principios valores √©tica y moral est√°n presentes en su accionar diario e invito a trabajar con pasi√≥n".,During his report he highlighted the guiding principles of his proposal with which he managed to capture the mayor at the end thanked God and stressed that the ethical and moral values principles are present in his daily actions and invite him to work with passion,positivo,0.05,Cuenca, Ecuador,
100sobre100 100 dias de gesti√≥n del alcalde vamos x mas obras,100 out of 100 100 days of management of the mayor we go x more works,positivo,0.5,Cuenca,
informe de gesti√≥n de nuestro alcalde 100sobre100 cuencaunida,management report of our mayor 100 over 100 united basin,neutral,0.0,Cuenca, Ecuador,
continuamos üëèüèª estos primeros 100 d√≠as solo son nuestra l√≠nea de partida para lograr todos esos ideales. 100sobre100 cuencaunida,We continue these first 100 days are just our starting line to achieve all those ideals 100 over 100 Cuenca,positivo,0.125,Cuenca-Ecuador,
üìå sigue en vivo el informe de los 100 primeros d√≠as del alcalde destaca el respaldo al sector cultural mediante el proyecto incubadora cultural del cant√≥n cuenca. 100sobre100,The report of the mayors first 100 days is still live highlighting the support to the cultural sector through the cultural incubator project of the cantn cuenca 100sobre100,positivo,0.14659090909090908,Cuenca, Ecuador,
acompa√±a en vivo el informe de nuestro alcalde de sus primeros 100 d√≠as de gesti√≥n del cien d√≠as cien realidades. 100sobre100,Accompany live the report of our mayor of his first 100 days of management of one hundred and one hundred realities 100 over 100,positivo,0.19318181818181818,Cuenca,
"en el √°mbito tur√≠stico se han desarrollado exitosas campa√±as de promoci√≥n de cuenca en el √∫ltimo feriado la ocupaci√≥n hotelera en la ciudad fue del 80%",in the tourism field successful basin promotion campaigns have been developed in the last holiday hotel occupancy in the city was 80,positivo,0.2833333333333333,Cuenca Ecuador,
informe de gesti√≥n de nuestro alcalde . 100sobre100 cuencaunida,management report of our mayor 100 over 100 united basin,neutral,0.0,,
en el parque de la madre   rinde un informe sobre sus primeros 100 d√≠as de gesti√≥n,in the park of the mother he gives a report on his first 100 days of management,positivo,0.25,,
el alcalde rinde un informe de los primeros cien d√≠as de su gesti√≥n. 100sobre100,the mayor gives a report of the first hundred days of his management 100 over 100,positivo,0.25,Cuenca - Ecuador,
que estas cosas est√©n en las 100 realidades es querer verle la cara a las cuencanos alcalde los operativos son cosas del d√≠a a d√≠a no es un logro ni algo nuevo. lo otro es la ciudad no una administraci√≥n. otra pr√°ctica m√°s de los pol√≠ticos de siempre cuencaunida,that these things are in the 100 realities is wanting to see the face of the basin mayor the operations are things of the day is not an achievement or something new the other is the city not an administration another practice more than the politicians of always basin,positivo,0.17045454545454544,Azuay, Ecuador,
asi mismo es cuando se requiere de ayuda de personas encargadas de brindar seguridad a la ciudadania....brillan por su aucensia.,Likewise it is when the help of people in charge of providing security to the citizenry is needed because of their increase,neutral,0.0,Cuenca, Ecuador,asi_mismo mismo_es es_cuando cuando_se se_requiere requiere_de de_ayuda ayuda_de de_personas personas_encargadas encargadas_de de_brindar brindar_seguridad seguridad_a a_la la_ciudadania ciudadania_brillan brillan_por por_su su_aucensia
unida ciudad de grandes obras que crece con visi√≥n y liderazgo. 100sobre100,United city of great works that grows with vision and leadership 100sobre100,positivo,0.8,Cuenca, Ecuador,
alcalde informa a la ciudadan√≠a sobre su gesti√≥n administrativa en estos 100 d√≠as de transparencia y da a conocer todas la sobras ejecutadas por y para una cuencaunida 100sobre100,Mayor informs the citizen about her administrative management in these 100 days of transparency and announces all the leftovers executed by and for a basin 100 over 100,neutral,0.0,,
con la presencia del alcalde se lleva a cabo en el parque de la madre el evento con motivo de la presentaci√≥n del informe por los 100 d√≠as de gesti√≥n de la actual administraci√≥n.,With the presence of the mayor the event takes place in the Mothers Park on the occasion of the presentation of the report for the 100 days of management of the current administration,neutral,0.0,Cuenca Ecuador,
les invitamos a seguir en vivo el informe de gesti√≥n de nuestro alcalde üëáüèª 100sobre100 cuencaunida,we invite you to follow live the management report of our mayor 100sobre100 cuencaunida,positivo,0.13636363636363635,Cuenca, Ecuador,
cuenca | inicia con una coregraf√≠a de j√≥venes cuencanos el evento de informe del alcalde por los primeros 100 d√≠as de gesti√≥n en el parque de la madre.,Cuenca begins with a choreography of young Cuenca the event report of the mayor for the first 100 days of management in the Mothers Park,positivo,0.175,Cuenca, Ecuador,
el d√≠a de hoy en la gobernaci√≥ndelazuay mantuvimos una reuni√≥n de trabajo con las entidades pertinentes para coordinar un trabajo conjunto en pro de la seguridad en sectores tur√≠sticos de cuenca,Today in the governorate of the Republic of Peru we held a working meeting with the relevant entities to coordinate a joint work for security in tourism sectors of Cuenca,positivo,0.4,Cuenca Ecuador,
cuenca: en breves momentos siga la transmisi√≥n en vivo el informe que dar√° el alcalde por los primeros 100 d√≠as de gesti√≥n. por la se√±al de ciudad 101.7 fm,In a few moments follow the live broadcast of the report to be given by the mayor for the first 100 days of management by the city seal 1017 fm,positivo,0.06212121212121211,Cuenca, Ecuador,
100sobre100 una mejor ciudad para todosss,100 percent a better city for everyone,positivo,0.5,,100sobre100_una una_mejor mejor_ciudad ciudad_para para_todosss
el d√≠a de ayer fui v√≠ctima de la delincuencia en pleno centro de la ciudad de cuenca el momento en que buscaba ayuda no se encontr√≥ ni a un solo guardia ciudadano. a d√≥nde van nuestros impuestos?,Yesterday I was a victim of crime in the heart of the city of Cuenca the moment I was looking for help not a single citizen guard was found where our taxes go,negativo,-0.01964285714285715,Ecuador,
buenos d√≠as al sr. alcalde...desde yanaturo... fuimos a planificaci√≥n del municipio y nos manifiestan que es el barrio quien debe pedir la planificaci√≥n territorial... considero que es obligaci√≥n de este departamento hacer la planificaci√≥n territorial,good morning to the mayor of yanaturo we went to town planning and they tell us that it is the neighborhood who should ask for the territorial planning I consider that it is the obligation of this department to do the territorial planning,positivo,0.7,ECUADOR,
jaja gracias sr alcalde. que no decaiga en su af√°n y no cambie su don de gente. apoyemos.,haha thank you mr mayor do not decay in your year and do not change your gift of people support,positivo,0.2,Cuenca, Ecuador,
hasta cuando ucubamba,until when ucubamba,neutral,0.0,Cuenca,hasta_cuando cuando_ucubamba
opini√≥n ciudadana: gesti√≥n en sus 100 dias en funciones.,citizen opinion management in its 100 days in office,neutral,0.0,,
y rayoloma cuando a√±os el barrio est√° olvidado pasan los alcaldes y nada de nada,and rayoloma when the neighborhood is forgotten the mayors pass by and nothing at all,neutral,0.0,Minnesota,
calle vieja y carretas,old street and carts,positivo,0.1,Ecuador ,calle_vieja vieja_y y_carretas
por favor es importante que nos proporcione la direcci√≥n exacta.,please it is important that you provide us with the exact address,positivo,0.325,,
en √°reas hist√≥ricas dan permisos a diestra y siniestra a quien no lo merece al lado de mi casa (zona del centro hist√≥rico) se levanta un edificio de 3 pisos para 6 departamentos y no tiene un solo parqueadero.,In historic areas left and right hand permits are given to those who do not deserve it next to my house Downtown area a 3story building is built for 6 apartments and does not have a single parking lot,positivo,0.04285714285714286,La Castellana,
informamos sobre los 100 d√≠as de gesti√≥n de,We inform about the 100 days of management of,neutral,0.0,,
en √°reas hist√≥ricas dan permisos a diestra y siniestra a quien no lo merece al lado de mi casa (zona del centro hist√≥rico) se levanta un edificio de 3 pisos para 6 departamentos y no tiene un solo parqueadero.,In historic areas left and right hand permits are given to those who do not deserve it next to my house Downtown area a 3story building is built for 6 apartments and does not have a single parking lot,positivo,0.04285714285714286,La Castellana,
hacemos un llamado a las autoridades de para que tomen acciones al respecto. ¬°las mujeres no podemos caminar tranquilas a nuestras casas cc,We call on the authorities to take action in this regard women can not walk quietly to our homes cc,positivo,0.05,Cuenca, Ecuador,
desde el 15 de mayo adquirimos una responsabilidad con la ciudad los mercados las parroquias y los grupos vulnerables fueron atendidos en estos cien 100 d√≠as 100sobre100,Since May 15 we acquired a responsibility with the city the markets parishes and vulnerable groups were served in these one hundred 100 days 100 over 100,negativo,-0.5,,
100sobre100 nuestro alcalde cumple 100 d√≠as de exitosa gesti√≥n.... cuencaunida,100 over 100 our mayor celebrates 100 days of successful management in Cuenca,positivo,0.75,,
100sobre100 m√°s obras para cuenca.,100super100 ms basin works,neutral,0.0,Cuenca - Ecuador,
100sobre100 apenas es el inicio de una nueva organizada y planificada gracias al trabajo de y su equipo,100sobre100 is just the beginning of a new organized and planned thanks to the work of and his team,positivo,0.16818181818181818,,100sobre100_apenas apenas_es es_el el_inicio inicio_de de_una una_nueva nueva_organizada organizada_y y_planificada planificada_gracias gracias_al al_trabajo trabajo_de de_y y_su su_equipo
d√≠a 100 con 100 realidades cumplidas üëèüèªüëèüèª cuencaunida 100sobre100,gives 100 with 100 realities fulfilled basin 100 over 100,neutral,0.0,,
dgrinformaüëáüèª reporte diario de rayos ultravioleta üå§ fecha: 21/08/2019 hora: 08h30 cuida tu piel siguiendo estas recomendaciones acorde al √≠ndice de radiaci√≥n uv que presenta este d√≠a.üëíüåÇ trabajamosenprevenci√≥n,dgrinforma daily report of ultraviolet rays date 21082019 hour 08h30 take care of your skin following these recommendations according to the uv radiation index presented this day we work in prevention,neutral,0.0,Cuenca, Ecuador,
trabajamos desde el primer d√≠a para cumplir nuestro compromiso con los cuencanos la seguridad la planificaci√≥n y la vialidad ejes fundamentales de nuestro plan de acci√≥n son cien d√≠as cien realidades. 100sobre100,we work from the first day to fulfill our commitment to the basins security planning and roadways are the fundamental axes of our action plan one hundred and one hundred realities 100 over 100,positivo,0.175,,
informamos sobre los 100 d√≠as de gesti√≥n de,We inform about the 100 days of management of,neutral,0.0,,
hacemos un llamado de atenci√≥n para intensificar los controles de seguridad tras el nuevo caso de violacion en cuenca. al alcalde que desde mayo no se ha instalado la mesa cantonal de erradicaci√≥n de violencia.,We call for attention to intensify security controls after the new case of rape in the basin to the mayor who since May has not installed the cantonal table for the eradication of violence,positivo,0.13636363636363635,Azuay, Ecuador,
un ratito tambi√©n est√° prohibido para ellos? el chofer no est√° en la cabina cuenca,a little while is also prohibited for them the driver is not in the basin cabin,negativo,-0.1875,Ecuador ,
cuenca:"ing. y varios funcionarios del d√≠as de gesti√≥n: obras: hemos decidido continuar lo que se arranc√≥ seguir haci√©ndolo. hay mucho dinero de los cuencanos invertidos y no se puede desperdiciar.",Cuenca and several civil works management officials we have decided to continue what was started to continue doing so there is a lot of money from the inverted basins and it cannot be wasted,negativo,-0.1,Cuenca Ecuador,
muchas gracias,thank you,neutral,0.0,,muchas_gracias
cuenca:"ing. y varios funcionarios del d√≠as de gesti√≥n: tranv√≠a: con taller previo con los concejales se podr√° llegar a un acuerdo y se definir√° la sesi√≥n de concejo cantonal para tratar la tarifa.",Cuenca and several officials of the day of tranca management with previous workshop with the councilors can reach an agreement and define the cantonal council session to discuss the rate,negativo,-0.08333333333333333,Cuenca Ecuador,
cuenca:"ing. y varios funcionarios del d√≠as de gesti√≥n: tranv√≠a: el contrato de mantenimiento se ha avanzado en m√°s del 90%.",cuencaing and several officials of the management days tranca the maintenance contract has been advanced in more than 90,positivo,0.3,Cuenca Ecuador,
calles sangurima y vargas machuca puestos de comida informales en la noche sobre las rieles del tranv√≠a autoridades por favor atender,streets sangurima and vargas machuca informal food stalls at night on the tram rails authorities please attend,neutral,0.0,Miami,
estamos con act en el centro hist√≥rico.,we are with act in the historic center,negativo,-0.05,,
acompa√±amos a en para hablar sobre sus 100 d√≠as de gesti√≥n. cuencaunida 100sobre100,We accompany you in to talk about your 100 days of basin management 100 over 100,neutral,0.0,,
cuenca:"ing. y varios funcionarios del d√≠as de gesti√≥n:varios planes se han puesto en marcha.activaci√≥n econ√≥mica: se ha capacitado a gran cantidad/ciudadanosa trav√©s de q puedan impulsar sus emprendimientos",Basin and several officials of the business management plans have been launched economic activation has been trained to many citizens through which they can boost their ventures,positivo,0.2333333333333333,Cuenca Ecuador,
dialogamos en m√°snoticias con el ing. y varios funcionarios del tema: 100 d√≠as de gesti√≥n.,we dialogue in msnoticias with ing and several officials of the topic 100 days of management,neutral,0.0,Cuenca Ecuador,
por favor el centro de la ciudad tambi√©n ne esta agentes de tr√°nsito. muchas gracias,please the center of the city is also a transit agent thank you very much,positivo,0.08,,
buen d√≠a. contamos con la presencia de act en diferentes sectores de la ciudad.,good day we have the presence of act in different sectors of the city,positivo,0.35,,
felicitaciones,Congratulations,neutral,0.0,Cuenca / Ecuador,
gente que ignora el trabaj√≥ pero no porque no sepa sino porque no le conviene debido a que pertenecen a otros grupos politicos ya empecemos a tener criterio,people who ignore the work but not because they dont know but because it doesnt suit them because they belong to other political groups and lets start to have criteria,negativo,-0.0625,,
todo es cuesti√≥n de planificaci√≥n no de improvisaci√≥n as√≠ se construye seguridad.,its all about planning not improvisation as security is built,neutral,0.0,Quito, Ecuador,
por el sector huizhil no hay seguridad la delincuencia es de todos los d√≠as la polic√≠a no hace nada no podemos vivir en paz nos tienen en el olvido,for the Huizhil sector there is no security crime is every day the police do nothing we can not live in peace they have us forgotten,negativo,-0.06818181818181818,Ecuador,
excelente me parece muy positiva la reacci√≥n ante mi cuestionamiento del tema en el concejo cantonal en las instituciones p√∫blicas sobre brokers seguimos pendiente acciones de la corporaci√≥n municipal,The reaction to my questioning of the issue in the cantonal council in the public institutions on brokers seems very positive we are still pending actions of the municipal corporation,positivo,0.14772727272727273,Cuenca,
bellas palabras se√±or alcalde dios lo bendiga siempre y le de mucha fuerza y sabidur√≠a,beautiful words Lord Mayor God bless you always and give you great strength and wisdom,positivo,0.825,,
viviran enganados la bola tiempo y nada autoridades ineptas y corruptas.,they will live the time ball and nothing inept and corrupt authorities,negativo,-0.18181818181818182,,viviran_enganados enganados_la la_bola bola_tiempo tiempo_y y_nada nada_autoridades autoridades_ineptas ineptas_y y_corruptas
como abomban con esta vaina. bastantes "comunicadores" tienen.,as they dominate with this pod many communicators have,positivo,0.5,Cuenca, Ecuador,como_abomban abomban_con con_esta esta_vaina vaina_bastantes bastantes_comunicadores comunicadores_tienen
cuenca: termina la jornada de este martes en el mundialitodelospobresüèÜcon el resultado final ‚öΩÔ∏è tandacatu 7ü•Ö ‚öΩÔ∏è parque iberia 0ü•Ö elequipoganador,Cuenca ends the day on Tuesday at the World Cup of the poor with the final result tandacatu 7 iberia park 0 the team,negativo,-0.2,Cuenca, Ecuador,
cuenca: en tiempo de mundialitodelospobresüèÜ finaliza el primer partido de la noche con el marcador. ‚öΩÔ∏è deportivo 2ü•Ö ‚öΩÔ∏è cdla. ingenieros 2ü•Ö elequipoganador,watershed in World Cup time ends the first game of the night with the sports marker 2 cdla engineers 2 the team,negativo,-0.07500000000000001,Cuenca, Ecuador,
